{
  "collider": {
    "number": 4,
    "size": [
      0.5,
      0.8,
      1.0
    ],
    "center": [
      0.0,
      0.0,
      -1.0
    ]
  },
  "hit_particle": "sniffsweapons:critical_sweep",
  "hit_sound": "mowziesmobs:wroughtnaut.axe_hit",
  "livingmotion_modifier": {
    "two_hand": {
      "idle": "falchionmoveset:biped/falchion/falchion_idle",
      "run": "wom:biped/living/torment_run",
      "block": "wom:biped/skill/solar_guard",
      "walk": "wom:biped/living/torment_walk"
    }
  },
  "swing_sound": "eeeabsmobs:nameless_guardian.whoosh",
  "styles": {
    "default": "two_hand",
    "cases": [
      {
        "style": "two_hand",
        "conditions": [
          {
            "predicate": "epicfight:offhand_item_category",
            "category": "greatsword"
          }
        ]
      }
    ]
  },
  "combos": {
    "two_hand": [
      "indestructible:guard/counter",
      "cdmoveset:biped/new/dual_greatsword/combat/greatsword_dual_auto_2",
      "cdmoveset:biped/new/dual_greatsword/combat/greatsword_dash",
      "wom:biped/skill/strong_punch",
      "wom:biped/combat/torment_auto_3",
      "wom:biped/combat/torment_dash",
      "falchionmoveset:biped/falchion/falchion_backward"
    ]
  },
  "category": "greatsword",
  "innate_skills": {
    "two_hand": "wukong:smash_heavy_attack"
  },
  "usable_in_offhand": false
}