{
  "collider": {
    "number": 3,
    "size": [
      0.5,
      0.8,
      1.0
    ],
    "center": [
      0.0,
      0.0,
      -1.0
    ]
  },
  "hit_particle": "wom:overblood_cut",
  "hit_sound": "epicfight:entity.hit.blade_rush_last",
  "livingmotion_modifier": {
    "two_hand": {
      "idle": "wom:biped/living/torment_berserk_idle",
      "run": "wom:biped/living/torment_berserk_run",
      "block": "wom:biped/skill/solar_guard",
      "walk": "wom:biped/living/ruine_boosted_walk"
    }
  },
  "swing_sound": "cataclysm:remnant_tail_swing",
  "styles": {
    "default": "two_hand",
    "cases": [
      {
        "style": "two_hand",
        "conditions": [
          {
            "predicate": "epicfight:offhand_item_category",
            "category": "greatsword"
          }
        ]
      }
    ]
  },
  "combos": {
    "two_hand": [
      "wom:biped/combat/torment_auto_2",
      "wom:biped/combat/ruine_auto_2",
      "wom:biped/combat/agony_auto_3",
      "wom:biped/combat/torment_charged_attack_2",
      "wom:biped/combat/torment_charged_attack_3",
      "wom:biped/combat/torment_dash",
      "wom:biped/skill/ruine_redemption"
    ]
  },
  "category": "greatsword",
  "innate_skills": {
    "two_hand": "wom:true_berserk"
  }
}