{
  "collider": {
    "number": 3,
    "size": [
      0.5,
      0.8,
      1.0
    ],
    "center": [
      0.0,
      0.0,
      -1.0
    ]
  },
  "hit_particle": "wom:overblood_cut",
  "hit_sound": "epicfight:entity.hit.blade_rush_last",
  "livingmotion_modifier": {
    "two_hand": {
      "fall": "epicfight:biped/living/fall",
      "idle": "wom:biped/living/torment_berserk_idle",
      "run": "wom:biped/living/agony_run",
      "block": "wom:biped/skill/solar_guard",
      "walk": "wom:biped/living/ruine_boosted_walk"
    }
  },
  "swing_sound": "cataclysm:remnant_tail_swing",
  "styles": {
    "default": "two_hand",
    "cases": [
      {
        "style": "two_hand",
        "conditions": [
          {
            "predicate": "epicfight:offhand_item_category",
            "category": "greatsword"
          }
        ]
      }
    ]
  },
  "combos": {
    "two_hand": [
      "wom:biped/combat/torment_auto_1",
      "wom:biped/combat/torment_auto_4",
      "epicfight:biped/combat/greatsword_dash",
      "wom:biped/skill/torment_berserk_convert",
      "wom:biped/skill/torment_berserk_dash",
      "wom:biped/combat/ruine_comet"
    ]
  },
  "category": "torment",
  "innate_skills": {
    "two_hand": "wom:demonic_ascension"
  },
  "usable_in_offhand": false
}