{
  "collider": {
    "number": 4,
    "size": [
      0.5,
      0.8,
      1.0
    ],
    "center": [
      0.0,
      0.0,
      -1.0
    ]
  },
  "hit_particle": "sniffsweapons:heavy_sweep",
  "hit_sound": "sniffsweapons:great_sword_critical",
  "livingmotion_modifier": {
    "two_hand": {
      "idle": "wom:biped/living/solar_idle",
      "run": "wom:biped/living/ruine_run",
      "block": "cdmoveset:biped/hit/guard_longsword",
      "walk": "wom:biped/living/torment_walk"
    }
  },
  "swing_sound": "epicfight:entity.weapon.whoosh_hard",
  "styles": {
    "default": "two_hand",
    "cases": [
      {
        "style": "two_hand",
        "conditions": [
          {
            "predicate": "epicfight:offhand_item_category",
            "category": "greatsword"
          }
        ]
      }
    ]
  },
  "combos": {
    "two_hand": [
      "cdmoveset:biped/new/longsword/longsword_dash",
      "cdmoveset:biped/new/longsword/longsword_twohand_auto_3",
      "cdmoveset:biped/new/longsword/longsword_twohand_auto_4",
      "indestructible:guard/counter",
      "wom:biped/combat/torment_auto_1",
      "wom:biped/combat/ruine_auto_2"
    ]
  },
  "category": "greatsword",
  "innate_skills": {
    "two_hand": "cdmoveset:lethalslicing"
  },
  "usable_in_offhand": false
}